"Parameter","MCAR_Est","MCAR_SE","MCAR_Ratio","MAR_Est","MAR_SE","MAR_Ratio","MNAR_Est","MNAR_SE","MNAR_Ratio"
"beta1 (intercept)",10.658,0.091,117.088,10.645,0.09,118.764,10.656,0.091,117.323
"beta2 (week)",1.916,0.123,15.619,1.926,0.127,15.194,1.917,0.121,15.857
"beta3 (NNRTI)",-1.379,0.114,12.105,-1.398,0.118,11.819,-1.376,0.114,12.121
"beta4 (Trtarm)",0.094,0.094,0.999,0.119,0.093,1.279,0.088,0.094,0.939
"beta5 (intercept)",6.693,0.149,44.834,6.634,0.148,44.814,6.681,0.148,45.188
"beta6 (week)",-0.037,0.015,2.493,-0.037,0.015,2.432,-0.039,0.015,2.607
"beta7 (NNRTI)",-0.096,0.016,5.914,-0.098,0.017,5.716,-0.097,0.016,5.912
"beta8 (Trtarm)",0.049,0.015,3.183,0.043,0.016,2.684,0.049,0.016,3.162
"d11",1.325,0.497,2.666,1.28,0.469,2.729,1.319,0.495,2.666
"d12",-0.031,0.106,0.289,-0.064,0.109,0.588,-0.031,0.106,0.292
"d22",0.242,0.076,3.192,0.248,0.078,3.171,0.248,0.074,3.324
"d13",1.634,0.463,3.532,1.452,0.429,3.383,1.615,0.467,3.461
"d23",0.023,0.308,0.074,0.021,0.325,0.063,0.028,0.292,0.096
"d33",3.582,1.365,2.624,3.301,1.168,2.826,3.538,1.346,2.628
"d14",-0.041,0.023,1.807,-0.044,0.024,1.799,-0.042,0.023,1.825
"d24",0.013,0.012,1.061,0.017,0.014,1.177,0.014,0.012,1.124
"d34",-0.022,0.051,0.428,-0.015,0.047,0.325,-0.022,0.051,0.443
"d44",0.013,0.004,3.518,0.016,0.004,3.955,0.014,0.004,3.679
"sigma^2",0.377,0.058,6.552,0.377,0.059,6.41,0.376,0.057,6.591
"phi",0.36,0.092,3.911,0.355,0.087,4.067,0.359,0.091,3.949
"nu",8.183,1.595,5.131,8.18,1.567,5.221,8.223,1.596,5.153
"alpha00 (intercept)",-2.692,0.356,7.567,-4.334,0.281,15.445,-5.063,0.396,12.794
"alpha01 (NNRTI)",,,,0.118,0.164,0.723,0.025,0.173,0.144
"alpha02 (Trtarm)",,,,0.194,0.176,1.102,0.251,0.177,1.414
"alpha1 (y_i,j-1)",,,,0.398,0.058,6.899,0.341,0.056,6.074
"alpha2 (y_ij)",,,,,,,0.243,0.09,2.711
